symbol,as_of,close,rsi_14,status
SPY,2026-10-05,772.1400146484375,57.52416301752117,FLAT
QQQ,2026-10-05,753.0599975585938,67.24361150822739,FLAT
IWM,2026-10-05,281.69000244140625,40.4706053397447,FLAT
DIA,2026-10-05,509.92999267578125,38.50057235497767,FLAT
^GSPC,2026-10-02,7722.72021484375,54.829343322875694,FLAT
XLF,2026-10-02,53.4900016784668,27.510594260732873,HOLDING
XLE,2026-10-05,62.95000076293945,52.46511484060095,FLAT
XLK,2026-10-05,200.6199951171875,69.9955469824993,FLAT
XLY,2026-10-05,110.0250015258789,41.51964953700704,FLAT
XLP,2026-10-05,80.58499908447266,35.28559755617495,FLAT
XLV,2026-10-05,165.9600067138672,41.92728772190401,FLAT
XLI,2026-10-05,169.8249969482422,44.20780707312052,FLAT
TLT,2026-10-05,77.00499725341797,24.897728826928486,HOLDING
IEF,2026-10-05,88.86509704589844,29.00990372094992,HOLDING
SHY,2026-10-05,81.05999755859375,46.84116294535285,HOLDING
GLD,2026-10-05,379.5400085449219,38.41072704767936,FLAT
MMM,2026-10-05,161.64999389648438,36.85884654317386,HOLDING
AOS,2026-10-05,56.529998779296875,38.88810757231017,FLAT
ABT,2026-10-05,99.9000015258789,40.13222459291849,HOLDING
ABBV,2026-10-05,261.6400146484375,51.49157035144735,FLAT
ACN,2026-10-05,194.3000030517578,55.8517364076141,FLAT
ADBE,2026-10-05,238.44500732421875,41.7005866052509,FLAT
AMD,2026-10-05,630.8800048828125,68.90833099838144,FLAT
AES,2026-10-05,14.910099983215332,68.8593579485706,FLAT
AFL,2026-10-05,112.08000183105469,35.14393029862343,HOLDING
A,2026-10-05,168.90499877929688,62.41637072085498,FLAT
APD,2026-10-05,279.1449890136719,40.9144464491108,HOLDING
ABNB,2026-10-05,163.7050018310547,47.89023902213866,HOLDING
AKAM,2026-10-05,107.66999816894531,46.56669061327351,FLAT
ALB,2026-10-05,104.9800033569336,33.79230908031188,HOLDING
ARE,2026-10-05,47.869998931884766,41.46729398164354,FLAT
ALGN,2026-10-05,141.30250549316406,34.01839193869529,FLAT
ALLE,2026-10-05,153.7899932861328,47.83400720451914,FLAT
LNT,2026-10-05,64.7300033569336,42.47532193339879,HOLDING
ALL,2026-10-05,223.51499938964844,28.212776440462292,HOLDING
GOOGL,2026-10-05,344.4200134277344,50.79055039957681,FLAT
GOOG,2026-10-05,341.17999267578125,50.786541589820104,FLAT
MO,2026-10-05,67.62529754638672,46.48807730958555,FLAT
AMZN,2026-10-05,251.30999755859375,48.30418933536363,FLAT
AMCR,2026-10-05,41.34000015258789,35.9138069845863,FLAT
AEE,2026-10-05,100.24500274658203,35.82124101502964,HOLDING
AEP,2026-10-05,120.06999969482422,44.72349725808089,HOLDING
AXP,2026-10-05,302.5050048828125,32.5705894590336,HOLDING
AIG,2026-10-05,75.13999938964844,49.403163454299865,FLAT
AMT,2026-10-05,162.1199951171875,34.504689764197934,FLAT
AWK,2026-10-05,128.34500122070312,34.449903043326614,HOLDING
AMP,2026-10-05,491.79998779296875,31.17120239320299,HOLDING
AME,2026-10-05,252.8300018310547,63.34268444119846,FLAT
AMGN,2026-10-05,399.55999755859375,45.93008066650609,FLAT
APH,2026-10-05,86.88500213623047,64.01808740296346,FLAT
ADI,2026-10-05,413.4049987792969,68.90200231029199,FLAT
AON,2026-10-05,270.0400085449219,25.504033600847094,HOLDING
APA,2026-10-05,43.619998931884766,52.84901049678473,FLAT
APO,2026-10-05,114.65499877929688,29.29792584580656,HOLDING
AAPL,2026-10-05,334.010009765625,55.0495873591627,FLAT
AMAT,2026-10-05,537.4796752929688,68.01516719474968,FLAT
APP,2026-10-05,285.31500244140625,38.1979458391346,HOLDING
APTV,2026-10-05,44.29999923706055,45.795869260421675,HOLDING
ACGL,2026-10-05,94.55000305175781,43.490229587645054,FLAT
ADM,2026-10-05,81.2249984741211,46.34920207263771,FLAT
ARES,2026-10-05,116.71499633789062,32.852273036359804,FLAT
ANET,2026-10-05,207.72999572753906,60.54293039880704,FLAT
AJG,2026-10-05,225.75999450683594,35.2845066771668,FLAT
AIZ,2026-10-05,267.81500244140625,40.16953164523061,HOLDING
T,2026-10-05,24.21500015258789,37.198719606074604,FLAT
ATO,2026-10-05,157.98500061035156,36.46055877697684,HOLDING
ADSK,2026-10-05,222.49000549316406,51.45887018597726,FLAT
ADP,2026-10-05,257.9700012207031,38.674461605714754,FLAT
AZO,2026-10-05,2768.39990234375,36.99470552212228,FLAT
AVY,2026-10-05,168.30999755859375,42.99698437953805,FLAT
AXON,2026-10-05,412.1199951171875,31.10251371498191,FLAT
BKR,2026-10-05,57.2599983215332,44.705503729459245,HOLDING
BALL,2026-10-05,56.5099983215332,30.858080234830254,HOLDING
BAC,2026-10-05,54.1349983215332,26.01513085216287,HOLDING
BAX,2026-10-02,23.489999771118164,41.838307800564245,HOLDING
BDX,2026-10-05,178.0500030517578,45.415355005214195,FLAT
BRK-B,2026-10-05,504.19000244140625,48.652611083579906,FLAT
BBY,2026-10-05,86.97000122070312,45.17196125540708,FLAT
TECH,2026-10-05,72.40499877929688,56.01859804832331,FLAT
BIIB,2026-10-05,220.0500030517578,49.66987635109654,FLAT
BLK,2026-10-05,1054.344970703125,41.78598864115889,FLAT
BX,2026-10-05,110.80000305175781,24.6952725098746,HOLDING
XYZ,2026-10-05,75.41999816894531,44.42979409857718,FLAT
BE,2026-10-05,290.6050109863281,59.092906060221445,FLAT
BNY,2026-10-05,143.89999389648438,26.14948397071177,HOLDING
BA,2026-10-05,193.2899932861328,40.95779893434478,HOLDING
BKNG,2026-10-05,156.9149932861328,28.837537994234438,HOLDING
BSX,2026-10-05,43.01499938964844,39.09288583131295,FLAT
BMY,2026-10-05,58.404998779296875,31.496430622028385,FLAT
AVGO,2026-10-05,362.1600036621094,52.05657656833743,FLAT
BR,2026-10-05,157.41000366210938,34.522031912741525,FLAT
BRO,2026-10-05,60.025001525878906,31.10408613250432,HOLDING
BF-B,2026-10-05,25.895000457763672,43.62484284110347,FLAT
BG,2026-10-05,105.44499969482422,33.01792306605422,FLAT
BXP,2026-10-05,59.93000030517578,32.62519022070168,FLAT
CHRW,2026-10-05,133.6616973876953,33.20436745486698,FLAT
CDNS,2026-10-05,357.6050109863281,72.84242372185335,FLAT
CPT,2026-10-05,97.0,33.35938781736951,HOLDING
COF,2026-10-05,195.93499755859375,37.650770940394764,FLAT
CAH,2026-10-05,230.6999969482422,52.88047043498769,FLAT
CCL,2026-10-05,25.532400131225586,61.60645798675447,FLAT
CARR,2026-10-05,55.119998931884766,39.47435133398879,HOLDING
CVNA,2026-10-05,64.20999908447266,44.25404593938222,FLAT
CASY,2026-10-05,610.9650268554688,35.3113157605037,HOLDING
CAT,2026-10-05,847.0,59.256168414095875,FLAT
CBOE,2026-10-05,274.20001220703125,48.13266545739984,HOLDING
CBRE,2026-10-05,129.875,35.13065559353967,FLAT
CDW,2026-10-05,136.6699981689453,45.78545214288588,FLAT
COR,2026-10-05,312.0776062011719,48.44616398490634,FLAT
CNC,2026-10-05,63.58000183105469,48.363838774754434,FLAT
CNP,2026-10-05,38.06999969482422,47.47241004267242,HOLDING
CF,2026-10-05,116.86000061035156,39.775544845346836,FLAT
CRL,2026-10-05,300.3800048828125,62.118857177074474,FLAT
SCHW,2026-10-05,97.33000183105469,32.611103103978635,HOLDING
CHTR,2026-10-05,106.63749694824219,26.704106681151828,HOLDING
CVX,2026-10-05,205.0,48.84503558744867,FLAT
CMG,2026-10-05,30.979999542236328,31.88941882446622,FLAT
CB,2026-10-05,331.57501220703125,42.25829078666298,HOLDING
CHD,2026-10-05,95.5999984741211,46.8427966898971,FLAT
CIEN,2026-10-05,389.5899963378906,58.34327122502381,FLAT
CI,2026-10-05,267.4849853515625,41.56016636185037,FLAT
CINF,2026-10-05,162.33999633789062,38.022902210555536,HOLDING
CTAS,2026-10-05,194.0399932861328,42.48293130589051,FLAT
CSCO,2026-10-05,112.21499633789062,58.19158243520973,FLAT
C,2026-10-05,128.6999969482422,39.97450263101011,FLAT
CFG,2026-10-05,64.48999786376953,35.509403924095935,HOLDING
CLX,2026-10-05,81.2699966430664,32.83942986003491,HOLDING
CME,2026-10-05,266.2300109863281,46.15007306080707,FLAT
CMS,2026-10-05,64.42500305175781,40.4426326123411,HOLDING
KO,2026-10-05,86.06999969482422,41.72262815289373,FLAT
CTSH,2026-10-05,58.22999954223633,47.366013188152834,FLAT
COHR,2026-10-05,330.3500061035156,58.44341525859656,FLAT
COIN,2026-10-05,187.75,52.28875665964577,FLAT
CL,2026-10-05,85.68000030517578,41.887119748539874,FLAT
CMCSA,2026-10-05,21.520000457763672,26.768088135926433,HOLDING
FIX,2026-10-05,1724.6800537109375,59.955207655633025,FLAT
COP,2026-10-05,127.12999725341797,45.799172475617155,FLAT
ED,2026-10-05,103.43000030517578,41.85122455360343,FLAT
STZ,2026-10-05,111.0999984741211,21.953491780668344,HOLDING
CEG,2026-10-05,266.5,49.713137223148,FLAT
COO,2026-10-05,56.04999923706055,35.36343138638739,HOLDING
CPRT,2026-10-05,27.3700008392334,32.81677468921049,HOLDING
GLW,2026-10-05,160.3000030517578,53.40353591913588,FLAT
CPAY,2026-10-05,398.8500061035156,49.92889144008196,FLAT
CTVA,2026-10-05,12.239999771118164,6.185653905029696,HOLDING
CSGP,2026-10-05,27.360000610351562,36.52831480255533,FLAT
COST,2026-10-05,921.1300048828125,51.61934345646728,FLAT
CRH,2026-10-05,80.95999908447266,29.50022301865711,NEW_ENTRY
CRWD,2026-10-05,271.364990234375,69.25567835994457,FLAT
CCI,2026-10-05,66.375,27.152211117537902,HOLDING
CSX,2026-10-05,47.19499969482422,43.13325212836062,HOLDING
CMI,2026-10-05,527.9299926757812,39.78374073571625,HOLDING
CVS,2026-10-05,86.83000183105469,38.40706861117744,HOLDING
DHR,2026-10-05,216.9199981689453,53.663746496943084,FLAT
DRI,2026-10-05,198.25999450683594,40.49639854702643,FLAT
DDOG,2026-10-05,279.3349914550781,71.4886294512237,FLAT
DVA,2026-10-05,178.38999938964844,44.48133760532757,FLAT
DECK,2026-10-05,79.40499877929688,41.161517888708346,HOLDING
DE,2026-10-05,683.6300048828125,55.00453111697471,FLAT
DELL,2026-10-05,556.0499877929688,56.494403253014916,FLAT
DAL,2026-10-05,83.5999984741211,53.29181558293404,FLAT
DVN,2026-10-05,47.90999984741211,51.93147550883548,FLAT
DXCM,2026-10-05,86.31500244140625,48.192572675401514,FLAT
FANG,2026-10-05,183.82000732421875,37.431142293290584,FLAT
DLR,2026-10-05,178.50509643554688,43.41300544545383,FLAT
DG,2026-10-05,119.12999725341797,41.81495357092678,FLAT
DLTR,2026-10-05,112.0,37.40651020714928,FLAT
D,2026-10-05,61.209999084472656,34.64769539286932,HOLDING
DPZ,2026-10-05,295.739990234375,38.666603046984896,FLAT
DASH,2026-10-05,192.55999755859375,46.48537929992676,HOLDING
DOV,2026-10-05,190.2008056640625,46.47594831867128,HOLDING
DOW,2026-10-05,28.2450008392334,43.72564086535029,FLAT
DHI,2026-10-05,133.75999450683594,37.35476838641662,FLAT
DTE,2026-10-05,125.88999938964844,42.43489987778394,HOLDING
DUK,2026-10-05,114.1500015258789,32.72944130040021,HOLDING
DD,2026-10-05,130.86500549316406,48.31799407321455,HOLDING
ETN,2026-10-05,437.1499938964844,56.803785959391874,FLAT
EBAY,2026-10-05,106.6500015258789,48.59473660434085,FLAT
ECHO,2026-10-05,98.56500244140625,64.97545561271997,FLAT
ECL,2026-10-05,276.3599853515625,50.39897752016012,FLAT
EIX,2026-10-05,53.7599983215332,37.15236932893908,HOLDING
EW,2026-10-05,87.05500030517578,48.41893330210405,FLAT
ELV,2026-10-05,388.1054992675781,41.23739201961944,FLAT
EME,2026-10-05,785.4949951171875,57.54970971347447,FLAT
EMR,2026-10-05,162.1999969482422,63.74296023293425,FLAT
ETR,2026-10-05,101.3550033569336,44.58189060683989,HOLDING
EOG,2026-10-05,142.6999969482422,49.15847153222646,FLAT
EQT,2026-10-05,50.63999938964844,44.46686527134972,HOLDING
EFX,2026-10-05,141.0500030517578,26.48146800198063,HOLDING
EQIX,2026-10-05,1021.2899780273438,46.991612603896215,FLAT
ERIE,2026-10-05,219.52000427246094,33.46587488122755,HOLDING
ESS,2026-10-05,270.57000732421875,45.01175483450749,FLAT
EL,2026-10-05,93.84500122070312,47.428540955807016,FLAT
EG,2026-10-05,369.260009765625,47.04252635549861,FLAT
EVRG,2026-10-05,79.33999633789062,45.29032737690297,HOLDING
P,2026-10-05,141.36000061035156,78.70361035115616,FLAT
ES,2026-10-05,64.87999725341797,37.97094565965215,HOLDING
EXC,2026-10-05,40.85430145263672,35.3029263419007,HOLDING
EXE,2026-10-05,85.88999938964844,36.256333503663825,HOLDING
EXPE,2026-10-05,261.92999267578125,36.08639058270978,FLAT
EXPD,2026-10-05,190.30499267578125,54.044962977886605,FLAT
EXR,2026-10-05,133.02000427246094,40.42147331996567,HOLDING
XOM,2026-10-05,162.77000427246094,52.24184826512671,FLAT
FFIV,2026-10-05,456.25,65.02387528953994,FLAT
FDS,2026-10-05,265.68499755859375,43.281162256867184,FLAT
FICO,2026-10-05,677.1199951171875,28.316894634342717,HOLDING
FAST,2026-10-05,50.310001373291016,53.45719084046343,FLAT
FRT,2026-10-05,106.6500015258789,25.286278613861327,HOLDING
FDX,2026-10-05,287.55999755859375,37.357833642632436,HOLDING
FDXF,2026-10-05,111.875,34.11323509204087,HOLDING
FERG,2026-10-05,222.88499450683594,47.88696667818045,FLAT
FIS,2026-10-05,32.720001220703125,26.184852088308006,HOLDING
FITB,2026-10-05,51.13999938964844,39.114772192273705,HOLDING
FSLR,2026-10-05,175.19000244140625,36.868541053803916,FLAT
FE,2026-10-05,43.75,37.448041947529056,HOLDING
FISV,2026-10-05,45.58000183105469,37.37516972935091,HOLDING
FLEX,2026-10-05,118.30000305175781,57.22724893613295,FLAT
F,2026-10-05,12.175000190734863,33.577880656763185,HOLDING
FTNT,2026-10-05,182.32000732421875,65.42984626516467,FLAT
FTV,2026-10-05,57.52000045776367,54.902750988063005,HOLDING
FOXA,2026-10-05,61.70000076293945,39.60062827391316,FLAT
FOX,2026-10-05,55.369998931884766,40.93638984950238,FLAT
BEN,2026-10-05,32.5099983215332,45.62075877411692,FLAT
FCX,2026-10-05,72.2249984741211,52.18201676358291,FLAT
GRMN,2026-10-05,282.260009765625,48.12469193207309,FLAT
IT,2026-10-05,185.52999877929688,50.900268088056684,FLAT
GE,2026-10-05,308.2568054199219,33.90679017181202,HOLDING
GEHC,2026-10-05,64.88500213623047,41.31478027092808,HOLDING
GEV,2026-10-05,982.5449829101562,56.147217697911664,FLAT
GEN,2026-10-05,22.114999771118164,29.22218828363293,HOLDING
GNRC,2026-10-05,214.97000122070312,59.20123070302932,FLAT
GD,2026-10-05,330.75,22.403586597091177,HOLDING
GIS,2026-10-05,31.575000762939453,25.16373762215764,HOLDING
GM,2026-10-05,79.81500244140625,43.34383512501489,FLAT
GPC,2026-10-05,125.7249984741211,39.87765935328162,FLAT
GILD,2026-10-05,143.38999938964844,41.88574277816106,FLAT
GPN,2026-10-05,79.44000244140625,33.644035143820815,HOLDING
GL,2026-10-05,165.67999267578125,32.5822967921237,FLAT
GDDY,2026-10-05,97.69999694824219,50.57336454536779,FLAT
GS,2026-10-05,892.239990234375,30.251753119676124,HOLDING
HAL,2026-10-05,32.665000915527344,42.19349665186996,FLAT
HIG,2026-10-05,127.01000213623047,40.20675861159755,HOLDING
HAS,2026-10-05,90.6500015258789,53.60092448528325,FLAT
HCA,2026-10-05,434.2200012207031,57.40921742129197,FLAT
DOC,2026-10-05,19.524999618530273,32.64943202960511,FLAT
HSIC,2026-10-05,83.94999694824219,39.261136921273504,FLAT
HSY,2026-10-05,162.10499572753906,35.43877331550334,HOLDING
HPE,2026-10-05,68.23999786376953,66.66823958674404,FLAT
HLT,2026-10-05,318.4700012207031,54.089796746701005,FLAT
HD,2026-10-05,281.4750061035156,25.71533443906013,HOLDING
HONA,2026-10-05,154.5749969482422,46.09963535210006,FLAT
HON,2026-10-05,213.85000610351562,52.35076672722006,HOLDING
HRL,2026-10-05,20.16010093688965,34.99622655204398,HOLDING
HST,2026-10-05,22.34000015258789,51.41415795963686,FLAT
HWM,2026-10-05,231.09500122070312,42.31610100289161,HOLDING
HPQ,2026-10-05,31.39900016784668,49.30471467322649,FLAT
HUBB,2026-10-05,481.0350036621094,60.74129501309814,FLAT
HUM,2026-10-05,386.43499755859375,49.42429024566694,FLAT
HBAN,2026-10-05,15.295000076293945,35.237293737798794,HOLDING
HII,2026-10-05,267.3699951171875,40.24964831112371,HOLDING
IBM,2026-10-05,222.60000610351562,41.52602790595914,FLAT
IEX,2026-10-05,234.03500366210938,62.211454538705816,FLAT
IDXX,2026-10-05,523.2000122070312,47.84681837209428,FLAT
ITW,2026-10-05,261.70001220703125,40.22285889788398,FLAT
ILMN,2026-10-05,278.4049987792969,72.328764141187,FLAT
INCY,2026-10-05,113.69999694824219,31.421031477843158,FLAT
IR,2026-10-05,77.44000244140625,55.928511780900976,EXIT
PODD,2026-10-05,134.44500732421875,42.167023839775915,FLAT
INTC,2026-10-05,117.0250015258789,57.53588512238913,FLAT
IBKR,2026-10-05,88.68000030517578,47.616360229144526,FLAT
ICE,2026-10-05,150.3300018310547,39.55785019350161,FLAT
IFF,2026-10-05,83.19000244140625,45.326514938305124,FLAT
IP,2026-10-05,31.520000457763672,26.990819605146115,HOLDING
INTU,2026-10-05,285.0,39.83295239494872,HOLDING
ISRG,2026-10-05,401.2200012207031,56.61389984582913,FLAT
IVZ,2026-10-05,30.149999618530273,41.69919492687268,FLAT
INVH,2026-10-05,26.2549991607666,29.28340768200877,HOLDING
IQV,2026-10-05,261.2449951171875,48.961110726340294,FLAT
IRM,2026-10-05,112.8949966430664,45.53655541528997,FLAT
JBHT,2026-10-05,226.3800048828125,35.603372462265995,HOLDING
JBL,2026-10-05,303.9800109863281,47.17920268714532,FLAT
JKHY,2026-10-05,143.13499450683594,32.56020253739369,FLAT
J,2026-10-05,138.35000610351562,44.14284325931632,FLAT
JNJ,2026-10-05,253.83999633789062,30.409364041632415,FLAT
JCI,2026-10-05,155.7550048828125,66.95234030829594,FLAT
JPM,2026-10-05,332.01019287109375,34.18518324187177,FLAT
KVUE,2026-10-05,17.2549991607666,34.46561900870958,FLAT
KDP,2026-10-05,30.6299991607666,46.00522713050594,FLAT
KEY,2026-10-05,20.16360092163086,34.235581401889604,HOLDING
KEYS,2026-10-05,385.489990234375,74.30978617904454,FLAT
KMB,2026-10-05,94.54000091552734,29.743622600165082,HOLDING
KIM,2026-10-05,22.213699340820312,28.56018911406106,HOLDING
KMI,2026-10-05,31.219999313354492,50.83368618601825,FLAT
KKR,2026-10-05,89.62000274658203,28.687424988608285,HOLDING
KLAC,2026-10-05,203.91000366210938,63.75899784929067,FLAT
KHC,2026-10-05,21.895000457763672,22.569207460302295,HOLDING
KR,2026-10-05,58.58000183105469,48.65224970590791,FLAT
LHX,2026-10-05,238.1199951171875,30.283821282234783,HOLDING
LH,2026-10-05,308.8599853515625,43.35377690442068,FLAT
LRCX,2026-10-05,345.1499938964844,66.25245800389115,FLAT
LVS,2026-10-05,36.58000183105469,21.064720549519947,HOLDING
LDOS,2026-10-05,117.68000030517578,31.64380562618186,FLAT
LEN,2026-10-05,76.0,36.89474853433586,FLAT
LII,2026-10-05,356.8800048828125,35.77584733942487,HOLDING
LLY,2026-10-05,1145.31005859375,43.96781742925249,FLAT
LIN,2026-10-05,482.6199951171875,59.07417701810028,FLAT
LYV,2026-10-05,170.0800018310547,44.943528129449916,FLAT
LMT,2026-10-05,506.1300048828125,31.85421027031039,FLAT
L,2026-10-05,105.94000244140625,40.40693014651961,HOLDING
LOW,2026-10-05,179.2899932861328,24.219272534442467,HOLDING
LULU,2026-10-05,92.29229736328125,31.585753639736737,FLAT
LITE,2026-10-05,1081.3349609375,66.07704021055474,FLAT
LYB,2026-10-05,58.93000030517578,41.529975132738656,FLAT
MTB,2026-10-05,220.52000427246094,35.53472636165205,HOLDING
MPC,2026-10-05,427.6000061035156,70.80170062279242,FLAT
MAR,2026-10-05,356.04998779296875,56.76389533106153,FLAT
MRSH,2026-10-05,170.02999877929688,37.6340788091405,HOLDING
MLM,2026-10-05,479.8699951171875,37.15795678363228,FLAT
MRVL,2026-10-02,272.2900085449219,64.99195427292369,FLAT
MAS,2026-10-05,68.0,43.10962035877981,FLAT
MA,2026-10-05,560.0800170898438,46.05035599552197,FLAT
MKC,2026-10-05,44.619998931884766,24.958086288160032,HOLDING
MCD,2026-10-05,230.75999450683594,23.108215897740294,HOLDING
MCK,2026-10-05,907.3699951171875,58.254806635552505,FLAT
MDT,2026-10-02,86.37999725341797,38.07322409879063,FLAT
MRK,2026-10-05,139.66000366210938,38.26792906480958,FLAT
META,2026-10-05,742.2999877929688,64.0714621136093,FLAT
MET,2026-10-05,95.83000183105469,49.283234253461345,FLAT
MTD,2026-10-05,1501.97998046875,61.75513617429867,FLAT
MGM,2026-10-05,30.655000686645508,13.471610451516824,HOLDING
MCHP,2026-10-05,81.04000091552734,62.474372681621595,FLAT
MU,2026-10-05,1064.18994140625,57.29761711418556,FLAT
MSFT,2026-10-05,526.1799926757812,66.66268804185731,FLAT
MAA,2026-10-05,115.83000183105469,24.686726222148195,HOLDING
MRNA,2026-10-05,192.13499450683594,67.03165844214857,FLAT
MDLZ,2026-10-05,58.11000061035156,33.95373281795142,FLAT
MPWR,2026-10-05,1461.344970703125,68.29211591914606,FLAT
MNST,2026-10-05,43.1349983215332,44.464499220191186,HOLDING
MCO,2026-10-05,445.5400085449219,33.845390075628444,HOLDING
MS,2026-10-05,189.69500732421875,29.412807042272746,HOLDING
MOS,2026-10-05,21.06999969482422,31.737458129217984,FLAT
MSI,2026-10-05,454.6700134277344,47.270943239253896,FLAT
MSCI,2026-10-05,546.2949829101562,46.41245673180177,FLAT
NDAQ,2026-10-05,90.94000244140625,41.350132809262924,FLAT
NTAP,2026-10-05,219.05499267578125,66.9283544158881,FLAT
NFLX,2026-10-05,66.9800033569336,30.911812844434536,FLAT
NEM,2026-10-05,115.01000213623047,40.763340919972315,FLAT
NWSA,2026-10-05,28.665000915527344,43.167920488194135,FLAT
NWS,2026-10-05,31.68000030517578,41.88699797520754,FLAT
NEE,2026-10-05,76.87999725341797,33.58227045624028,HOLDING
NKE,2026-10-05,32.94499969482422,25.09786161143157,HOLDING
NI,2026-10-05,39.775001525878906,42.09997316426808,HOLDING
NDSN,2026-10-05,332.92999267578125,66.28353465533105,FLAT
NSC,2026-10-05,315.7900085449219,43.42403965677011,HOLDING
NTRS,2026-10-05,170.0399932861328,34.75395628730831,FLAT
NOC,2026-10-05,479.0299987792969,26.008402358073354,HOLDING
NCLH,2026-10-05,14.975000381469727,46.08232765658934,HOLDING
NRG,2026-10-05,97.21499633789062,36.07193705730637,FLAT
NUE,2026-10-05,247.72000122070312,49.701748225130515,FLAT
NVDA,2026-10-02,233.9499969482422,63.01107968416413,FLAT
NVR,2026-10-05,5906.52001953125,34.19989131707574,FLAT
NXPI,2026-10-05,240.44000244140625,56.480020453060135,FLAT
ORLY,2026-10-05,83.55999755859375,37.96817132384177,FLAT
OXY,2026-10-05,58.650001525878906,52.11263417596195,FLAT
ODFL,2026-10-05,176.43499755859375,40.27576233656475,HOLDING
OMC,2026-10-05,74.70999908447266,38.91426355419928,FLAT
ON,2026-10-05,84.91999816894531,65.5296132881197,FLAT
OKE,2026-10-05,88.22000122070312,40.50321406867124,HOLDING
ORCL,2026-10-05,144.9499969482422,51.09084271993188,FLAT
OTIS,2026-10-05,64.83499908447266,36.000254108460986,FLAT
PCAR,2026-10-05,109.05999755859375,20.943563569315515,HOLDING
PKG,2026-10-05,227.38999938964844,37.96150619630044,FLAT
PLTR,2026-10-05,188.10000610351562,60.20341015551278,FLAT
PANW,2026-10-05,403.114990234375,62.53616871635415,FLAT
PSKY,2026-10-05,9.670000076293945,43.990193465810776,FLAT
PH,2026-10-05,973.5399780273438,52.49613161111266,FLAT
PAYX,2026-10-05,99.08000183105469,25.71985359228566,HOLDING
PYPL,2026-10-05,53.5099983215332,47.33546571488789,FLAT
PNR,2026-10-05,52.45500183105469,24.32871316167879,HOLDING
PEP,2026-10-05,124.52999877929688,23.63485383761237,HOLDING
PFE,2026-10-05,27.274999618530273,40.3463056765045,FLAT
PCG,2026-10-05,12.335000038146973,33.62011987401827,HOLDING
PM,2026-10-05,189.39999389648438,51.858433607751785,FLAT
PSX,2026-10-05,266.260009765625,64.4188169513504,FLAT
PNW,2026-10-05,96.33999633789062,54.70675659347369,HOLDING
PNC,2026-10-05,221.00999450683594,27.707024854795307,HOLDING
PPG,2026-10-05,105.02999877929688,40.4279881149878,FLAT
PPL,2026-10-02,32.79999923706055,41.043035013063204,HOLDING
PFG,2026-10-05,111.53500366210938,42.147030660904235,FLAT
PG,2026-10-05,145.72999572753906,49.118656865017634,FLAT
PGR,2026-10-05,211.00999450683594,48.09225740809871,FLAT
PLD,2026-10-05,128.7100067138672,29.88789527227742,HOLDING
PRU,2026-10-05,113.04000091552734,35.003164183133435,FLAT
PEG,2026-10-05,68.62000274658203,40.4596761865317,HOLDING
PTC,2026-10-05,193.41000366210938,80.72599622468509,FLAT
PSA,2026-10-05,282.7099914550781,33.38039767037026,HOLDING
PHM,2026-10-05,114.0199966430664,35.893690686030766,FLAT
PWR,2026-10-05,683.030029296875,63.22658433476523,FLAT
QCOM,2026-10-05,182.6750030517578,50.634441968168645,FLAT
DGX,2026-10-05,232.33999633789062,43.6972603300534,FLAT
Q,2026-10-05,133.3699951171875,62.88160824160185,FLAT
RL,2026-10-05,364.19000244140625,59.31586057833789,FLAT
RJF,2026-10-05,159.01499938964844,37.2019717959452,HOLDING
RDDT,2026-10-05,149.40499877929688,47.09286451883953,FLAT
RTX,2026-10-05,184.75999450683594,24.35833219024454,HOLDING
O,2026-10-05,54.119998931884766,21.20597909590593,HOLDING
REG,2026-10-05,71.44499969482422,28.212537165166424,HOLDING
REGN,2026-10-05,728.02001953125,33.24487946370027,FLAT
RF,2026-10-05,27.100000381469727,28.996183240646516,HOLDING
RSG,2026-10-05,211.33999633789062,42.89617972123151,HOLDING
RMD,2026-10-05,221.19500732421875,46.356170779898264,FLAT
RVTY,2026-10-05,152.8699951171875,70.22539625885129,FLAT
HOOD,2026-10-05,113.76000213623047,51.012643855058066,FLAT
ROK,2026-10-05,453.2850036621094,65.8419486702758,FLAT
ROL,2026-10-05,29.6299991607666,24.930746163842045,HOLDING
ROP,2026-10-05,358.8800048828125,39.47086146405364,HOLDING
ROST,2026-10-05,227.39500427246094,41.73931426496351,FLAT
RCL,2026-10-05,273.739990234375,57.92007731078409,FLAT
SPGI,2026-10-05,388.9200134277344,34.81614470762614,FLAT
CRM,2026-10-05,229.56500244140625,47.53338076053464,FLAT
SNDK,2026-10-05,1719.2801513671875,52.67080125020509,FLAT
SBAC,2026-10-05,160.17999267578125,27.498543629591737,HOLDING
SLB,2026-10-05,49.8650016784668,39.56605708259937,FLAT
STX,2026-10-05,890.7100219726562,52.05207336083325,FLAT
SRE,2026-10-05,78.53500366210938,38.748963444053274,HOLDING
NOW,2026-10-05,136.25,52.41304216673217,FLAT
SHW,2026-10-05,317.1600036621094,38.782639346802426,FLAT
SPG,2026-10-05,201.1199951171875,31.712425824309108,HOLDING
SWKS,2026-10-05,81.80999755859375,49.74991675810569,FLAT
SJM,2026-10-05,116.91500091552734,37.18574691463239,FLAT
SW,2026-10-05,42.165000915527344,35.6988672769543,FLAT
SNA,2026-10-05,365.7300109863281,34.43842899018081,HOLDING
SOLV,2026-10-05,87.26000213623047,43.144292468697486,FLAT
SO,2026-10-05,84.2249984741211,39.22362449478773,HOLDING
LUV,2026-10-05,42.095001220703125,54.66775824779876,FLAT
SWK,2026-10-05,88.92500305175781,42.706584041620424,FLAT
SBUX,2026-10-05,94.46499633789062,34.40734212491519,HOLDING
STT,2026-10-05,174.51499938964844,34.35944690481875,FLAT
STLD,2026-10-05,239.27999877929688,54.083017977899026,HOLDING
STE,2026-10-05,210.2050018310547,40.48743756369129,HOLDING
SYK,2026-10-05,283.8660888671875,47.304809106174616,HOLDING
SMCI,2026-10-02,43.689998626708984,62.957984196178884,FLAT
SYF,2026-10-05,71.70999908447266,38.89943945276629,HOLDING
SNPS,2026-10-05,494.5450134277344,74.90249675874136,FLAT
SYY,2026-10-02,77.48999786376953,39.54242715009898,FLAT
TMUS,2026-10-05,163.9199981689453,38.34850499245898,FLAT
TROW,2026-10-05,102.41000366210938,37.31562383125483,HOLDING
TTWO,2026-10-05,202.4700927734375,36.92338423259175,HOLDING
TPR,2026-10-05,117.11000061035156,44.993894832957515,HOLDING
TRGP,2026-10-05,284.0950012207031,51.33655258832074,FLAT
TGT,2026-10-05,151.08999633789062,38.749794140376096,FLAT
TEL,2026-10-05,219.8175048828125,61.02625506708641,FLAT
TDY,2026-10-05,622.5250244140625,55.135207618478226,EXIT
TER,2026-10-05,444.44000244140625,67.68341738725817,FLAT
TSLA,2026-10-05,375.66009521484375,57.42296283927616,FLAT
TXN,2026-10-05,290.989990234375,66.82428263429816,FLAT
TPL,2026-10-05,345.07000732421875,46.27627994596199,HOLDING
TXT,2026-10-05,76.0801010131836,34.42573493963839,HOLDING
TMO,2026-10-05,660.22998046875,58.982745128308586,FLAT
TJX,2026-10-05,133.8800048828125,51.50456921439505,HOLDING
TKO,2026-10-05,174.7899932861328,34.084651864632704,FLAT
TSCO,2026-10-05,30.674999237060547,34.95733792005393,FLAT
TT,2026-10-05,466.2149963378906,64.01390739663177,FLAT
TDG,2026-10-05,1094.0799560546875,39.07934751791251,HOLDING
TRV,2026-10-05,359.92999267578125,42.56311226021305,FLAT
TRMB,2026-10-05,58.775001525878906,54.487045681875486,FLAT
TFC,2026-10-05,46.54999923706055,33.361495169613804,FLAT
TYL,2026-10-05,327.75,45.761951248805396,FLAT
TSN,2026-10-05,52.0,45.27535857278534,HOLDING
USB,2026-10-05,57.57500076293945,34.643583625577946,FLAT
UBER,2026-10-05,69.37999725341797,42.995790444814375,FLAT
UDR,2026-10-05,33.53499984741211,31.766974343959617,HOLDING
ULTA,2026-10-05,547.0999755859375,52.900148028066276,FLAT
UNP,2026-10-05,276.1499938964844,41.73458635080989,HOLDING
UAL,2026-10-05,111.76499938964844,49.2718919786295,FLAT
UPS,2026-10-05,92.19000244140625,32.660673126564134,HOLDING
URI,2026-10-05,1078.5,58.968215367762255,FLAT
UNH,2026-10-05,369.8999938964844,39.75148767151248,FLAT
UHS,2026-10-05,177.5800018310547,54.63145037054491,FLAT
VLO,2026-10-05,412.54998779296875,67.92281365404705,FLAT
VEEV,2026-10-05,276.0199890136719,57.85375607211673,FLAT
VTR,2026-10-05,83.56999969482422,27.15693935398147,HOLDING
VLTO,2026-10-05,95.25499725341797,47.98084737828776,FLAT
VRSN,2026-10-05,291.625,51.90682058120097,FLAT
VRSK,2026-10-05,163.1750030517578,32.81213770376502,FLAT
VZ,2026-10-05,45.724998474121094,33.48522542273183,FLAT
VRTX,2026-10-05,499.544189453125,36.33304015537319,FLAT
VRT,2026-10-05,257.32000732421875,51.75652646192729,FLAT
VTRS,2026-10-05,17.684999465942383,58.806465015010794,FLAT
VICI,2026-10-05,22.625,24.327575962455924,HOLDING
V,2026-10-05,364.1400146484375,46.44779788886178,FLAT
VST,2026-10-05,145.05299377441406,56.01697346173676,FLAT
VMRK,2026-10-05,59.45000076293945,29.064314574009387,NEW_ENTRY
VMC,2026-10-05,241.3300018310547,35.42902823371293,HOLDING
WRB,2026-10-05,69.44000244140625,53.27802137175234,FLAT
GWW,2026-10-05,1272.6199951171875,47.98742869622825,FLAT
WAB,2026-10-05,291.98748779296875,56.91667926334996,FLAT
WMT,2026-10-05,104.29620361328125,40.30663837088902,FLAT
DIS,2026-10-05,102.34500122070312,42.92353970902745,FLAT
WBD,2026-10-05,30.96500015258789,75.35098312592082,FLAT
WM,2026-10-05,205.16000366210938,34.96290702917757,HOLDING
WAT,2026-10-05,430.17999267578125,56.35885535821568,FLAT
WEC,2026-10-05,101.91999816894531,40.761093158286165,HOLDING
WFC,2026-10-05,81.63999938964844,39.66077162283786,FLAT
WELL,2026-10-05,228.22000122070312,41.296168493520724,FLAT
WST,2026-10-05,369.4100036621094,57.927593989272516,FLAT
WDC,2026-10-05,442.3399963378906,47.07123249915351,FLAT
WY,2026-10-05,18.709999084472656,21.158855081335716,HOLDING
WSM,2026-10-05,233.2899932861328,54.819918711970395,FLAT
WMB,2026-10-05,70.86000061035156,48.781990622689506,FLAT
WTW,2026-10-05,284.4800109863281,27.781055816557313,HOLDING
WDAY,2026-10-05,186.9499969482422,47.974817809310125,FLAT
WYNN,2026-10-05,77.8499984741211,30.327199639940318,HOLDING
XEL,2026-10-05,71.76000213623047,43.86268156249292,HOLDING
XYL,2026-10-05,102.26000213623047,34.934857524418945,HOLDING
YUM,2026-10-05,136.47500610351562,38.360851350359425,FLAT
ZBRA,2026-10-05,374.875,62.759220797653576,FLAT
ZBH,2026-10-05,90.38999938964844,42.482710816956335,FLAT
ZTS,2026-10-05,70.44999694824219,41.48923628322438,FLAT
