symbol,entry_date,exit_date,entry_price,exit_price,roi,status,hold_days
LYB,2026-06-30,2026-08-21,52.11204147338867,66.83999633789062,0.28262095377750396,closed,52
NFLX,2026-06-26,2026-08-26,73.80999755859375,81.45999908447266,0.1036445167174811,closed,61
HCA,2026-06-02,2026-07-08,365.9405212402344,409.8542785644531,0.1200024451388646,closed,36
UHS,2026-06-02,2026-07-08,142.1864471435547,156.24630737304688,0.09888326568352213,closed,36
CTSH,2026-05-13,2026-07-29,45.382022857666016,55.643733978271484,0.2261184159372931,closed,77
LDOS,2026-05-12,2026-07-29,127.52391052246094,113.999755859375,-0.10605191299167316,closed,78
COR,2026-05-07,2026-07-06,254.578857421875,297.97216796875,0.1704513524269844,closed,60
MCK,2026-05-07,2026-07-09,753.1259155273438,791.96826171875,0.05157483681093167,closed,63
TSCO,2026-04-28,2026-08-07,35.06114959716797,34.32288360595703,-0.021056525518791558,closed,101
LMT,2026-04-27,2026-07-24,506.87603759765625,579.0186157226562,0.14232785291433458,closed,88
NOC,2026-04-24,2026-08-10,569.99755859375,575.273681640625,0.009256395869294165,closed,108
SJM,2026-04-14,2026-05-19,90.35098266601562,102.08331298828125,0.129852824795879,closed,35
NKE,2026-04-07,2026-05-29,41.86726379394531,45.33904266357422,0.08292347182552162,closed,52
SYY,2026-03-31,2026-06-12,69.8327407836914,78.11222076416016,0.11856157853111671,closed,73
CTAS,2026-03-30,2026-07-16,167.766845703125,205.7156219482422,0.22619949779749793,closed,108
MKC,2026-03-25,2026-06-30,51.843894958496094,49.96720886230469,-0.036198786717197784,closed,97
AVY,2026-03-23,2026-07-31,162.84393310546875,168.74929809570312,0.03626395455831721,closed,130
ECL,2026-03-23,2026-06-26,259.7302551269531,282.8984375,0.08920093795666029,closed,95
GIS,2026-03-20,2026-06-29,35.776397705078125,35.760982513427734,-0.0004308760143340029,closed,101
GPC,2026-03-20,2026-06-17,94.60481262207031,105.3003158569336,0.11305453642818297,closed,89
ULTA,2026-03-17,2026-07-30,523.0700073242188,516.72998046875,-0.012120799829264506,closed,135
COO,2026-03-16,2026-06-08,71.04000091552734,66.79000091552734,-0.05982544967945047,closed,84
MTD,2026-03-09,2026-06-29,1248.6199951171875,1258.8199462890625,0.008168979522803266,closed,112
FOXA,2026-02-13,2026-04-10,55.828277587890625,60.7515983581543,0.08818686484663396,closed,56
FOX,2026-02-13,2026-04-10,51.032440185546875,54.65516662597656,0.07098869713574252,closed,56
MCO,2026-02-11,2026-07-06,409.4963684082031,497.7281799316406,0.21546421001586102,closed,145
NWSA,2026-02-09,2026-04-17,22.569427490234375,25.92277717590332,0.1485792976857705,closed,67
NWS,2026-02-09,2026-04-16,26.09498405456543,29.561067581176758,0.13282566179629152,closed,66
RDDT,2026-02-09,2026-04-17,141.74000549316406,163.8000030517578,0.15563705872480504,closed,67
SPGI,2026-02-09,2026-07-06,417.3511962890625,446.2181091308594,0.0691669584236756,closed,147
IQV,2026-02-06,2026-06-02,187.49000549316406,180.63999938964844,-0.0365353133650923,closed,116
AXON,2026-02-05,2026-03-03,399.6499938964844,579.0900268554688,0.4489929580868759,closed,26
BSX,2026-02-05,2026-08-04,77.63999938964844,49.09000015258789,-0.36772281635111725,closed,180
COIN,2026-02-05,2026-04-21,146.1199951171875,195.9499969482422,0.3410211024924499,closed,75
HOOD,2026-02-05,2026-04-16,72.68000030517578,86.8499984741211,0.1949642007353738,closed,70
TTWO,2026-02-05,2026-04-23,193.24000549316406,209.89999389648438,0.08621397189884505,closed,77
BR,2026-02-04,2026-07-30,186.65818786621094,153.82257080078125,-0.1759130817715049,closed,176
FDS,2026-02-04,2026-04-22,222.34584045410156,240.6346435546875,0.08225385760864401,closed,77
IT,2026-02-04,2026-06-02,157.8300018310547,170.6199951171875,0.08103651484350571,closed,118
GEN,2026-02-04,2026-05-11,22.58713722229004,22.18280601501465,-0.017900949699653723,closed,96
ISRG,2026-02-04,2026-09-23,478.489990234375,398.29998779296875,-0.16758971781651566,closed,231
PYPL,2026-02-04,2026-04-16,40.67128372192383,49.52402114868164,0.21766555211990402,closed,71
CRM,2026-02-04,2026-06-02,198.08181762695312,199.97116088867188,0.009538196308744196,closed,118
WDAY,2026-02-04,2026-06-01,170.14999389648438,157.22999572753906,-0.07593299225626515,closed,117
TYL,2026-02-03,2026-08-24,332.04998779296875,355.7900085449219,0.0714953218632699,closed,202
FIS,2026-01-30,2026-07-30,53.54190444946289,45.47455978393555,-0.150673472460098,closed,181
HUM,2026-01-29,2026-04-08,195.21563720703125,197.9230499267578,0.013868831198472487,closed,69
ROP,2026-01-28,2026-07-02,357.6545715332031,362.3771667480469,0.01320434740872689,closed,155
ABT,2026-01-23,2026-07-20,105.99430084228516,101.66000366210938,-0.04089179461285397,closed,178
NFLX,2026-01-23,2026-03-02,86.12000274658203,97.08999633789062,0.12738032096432983,closed,38
AAPL,2026-01-21,2026-02-05,246.9777374267578,275.1610412597656,0.11411272986240584,closed,15
INTU,2026-01-21,2026-07-30,520.9949340820312,315.5,-0.3944278929393118,closed,190
NOW,2026-01-20,2026-06-01,125.4000015258789,135.86000061035156,0.08341306983408625,closed,132
VICI,2025-12-08,2026-02-18,26.090774536132812,28.221433639526367,0.08166331361465828,closed,72
VEEV,2025-11-25,2026-06-02,239.9499969482422,182.94000244140625,-0.2375911449548096,closed,189
BA,2025-11-21,2025-12-22,179.6999969482422,216.83999633789062,0.2066777964406179,closed,31
J,2025-11-21,2026-02-09,127.4125747680664,149.72933959960938,0.1751535503631958,closed,80
Q,2025-11-21,2026-01-16,75.6056137084961,97.0741195678711,0.28395386012140134,closed,56
CLX,2025-11-20,2026-01-13,96.61299896240234,105.09933471679688,0.08783844664315876,closed,54
HD,2025-11-19,2026-01-12,325.2882385253906,366.9728088378906,0.12814656472507613,closed,54
DASH,2025-11-07,2026-04-20,204.30999755859375,189.8000030517578,-0.07101950310911553,closed,164
GRMN,2025-11-07,2026-02-19,197.89015197753906,236.91358947753906,0.19719747097081042,closed,104
MOS,2025-11-07,2026-01-15,24.67377281188965,26.846881866455078,0.08807364285685026,closed,69
PTC,2025-11-07,2026-08-03,176.11000061035156,139.86000061035156,-0.20583726008952874,closed,269
KMB,2025-11-06,2026-02-11,95.86251068115234,103.60385131835938,0.08075462015547918,closed,97
FFIV,2025-11-05,2026-01-06,246.49000549316406,270.6400146484375,0.09797561206165484,closed,62
NCLH,2025-11-05,2025-12-16,18.610000610351562,21.540000915527344,0.1574422465921903,closed,41
BAX,2025-11-04,2026-01-07,17.905488967895508,20.37152862548828,0.13772534567552874,closed,64
IP,2025-11-04,2026-01-12,34.83425521850586,40.85976791381836,0.17297664777145627,closed,69
MSI,2025-11-04,2026-01-16,389.71771240234375,397.3328857421875,0.019540228984978425,closed,73
AJG,2025-11-03,2026-07-01,240.1545867919922,239.03134155273438,-0.004677175873516459,closed,240
LIN,2025-11-03,2026-01-06,406.6633605957031,432.8974914550781,0.06451068230229984,closed,64
CMG,2025-10-31,2025-12-18,31.690000534057617,37.630001068115234,0.1874408467640709,closed,48
ARE,2025-10-30,2026-01-12,53.17545700073242,52.036720275878906,-0.021414704998921397,closed,74
ADP,2025-10-30,2026-05-19,254.1537628173828,217.38888549804688,-0.1446560417275924,closed,201
FISV,2025-10-30,2026-04-17,65.19000244140625,63.970001220703125,-0.01871454479235035,closed,169
VRSN,2025-10-30,2026-03-09,232.70046997070312,241.02940368652344,0.03579250921525401,closed,130
VRSK,2025-10-30,2026-03-03,215.43408203125,213.05398559570312,-0.011047910400739824,closed,124
CTAS,2025-10-17,2026-01-16,186.22750854492188,193.9390869140625,0.04140944820340775,closed,91
ARES,2025-10-13,2025-12-04,137.925048828125,156.59288024902344,0.1353476513476628,closed,52
DRI,2025-09-22,2025-12-18,179.51588439941406,188.46434020996094,0.04984771035991997,closed,87
FDS,2025-09-19,2025-12-18,284.063232421875,269.64971923828125,-0.05074050964183774,closed,90
SNPS,2025-09-11,2025-12-04,438.1000061035156,463.739990234375,0.05852541377230902,closed,84
FTNT,2025-08-08,2026-02-12,74.38999938964844,84.26000213623047,0.13267916154809734,closed,188
GDDY,2025-08-04,2026-07-17,158.14999389648438,94.3499984741211,-0.4034144665482756,closed,347
BRO,2025-07-30,2026-06-29,91.90393829345703,63.81227493286133,-0.3056633250133052,closed,334
CHTR,2025-07-30,2026-02-05,279.8900146484375,223.52999877929688,-0.20136486805337794,closed,190
IT,2025-07-16,2025-12-18,363.5799865722656,249.57000732421875,-0.31357605880043704,closed,155
BF-B,2025-06-06,2025-12-02,26.73703384399414,28.886568069458008,0.08039538858371564,closed,179
PLD,2025-04-09,2025-10-06,93.49604797363281,113.56461334228516,0.21464613535656563,closed,180
DOW,2024-11-18,2025-10-28,39.167633056640625,24.186269760131836,-0.3824934551149446,closed,344
IFF,2024-11-07,2025-10-27,87.07264709472656,63.86814880371094,-0.26649584071759513,closed,354
CTVA,2026-10-05,,12.390000343322754,13.90999984741211,0.12267953688221778,open,1
LVS,2026-10-02,,36.22999954223633,36.310001373291016,0.0022081653896082187,open,4
EFX,2026-10-01,,139.72999572753906,142.47999572753906,0.019680813598264457,open,5
PAYX,2026-10-01,,100.83999633789062,101.0199966430664,0.0017850090411808406,open,5
WY,2026-10-01,,18.59000015258789,18.600000381469727,0.0005379359225257119,open,5
FICO,2026-09-30,,592.469970703125,695.4600219726562,0.17383168154042616,open,6
GEN,2026-09-29,,20.850000381469727,22.799999237060547,0.09352512325725737,open,7
NEE,2026-09-25,,76.08000183105469,77.87999725341797,0.023659245255545525,open,11
PCAR,2026-09-25,,111.30999755859375,109.31999969482422,-0.017877979583298398,open,11
PNR,2026-09-25,,53.65999984741211,52.939998626708984,-0.01341783866475077,open,11
PEG,2026-09-25,,67.0199966430664,71.7300033569336,0.07027763279296528,open,11
CMS,2026-09-24,,62.77000045776367,65.06999969482422,0.03664169540046691,open,12
DTE,2026-09-24,,121.18000030517578,128.22000122070312,0.058095402688546294,open,12
FRT,2026-09-24,,109.16793060302734,106.19999694824219,-0.027186863746438528,open,12
WYNN,2026-09-21,,83.31999969482422,76.62000274658203,-0.08041282972614305,open,15
MGM,2026-09-17,,38.310001373291016,30.540000915527344,-0.20281911196121138,open,19
O,2026-09-17,,57.03724670410156,54.25,-0.04886713270998633,open,19
RCL,2026-09-16,,252.4199981689453,288.7799987792969,0.14404564168491807,open,20
CASY,2026-09-11,,615.469970703125,620.7999877929688,0.008660076597652111,open,25
COO,2026-09-11,,53.90999984741211,56.43000030517578,0.04674458291404804,open,25
TJX,2026-09-03,,132.19000244140625,137.02999877929688,0.03661393636811505,open,33
DOW,2026-07-01,,26.710037231445312,28.15999984741211,0.05428530868013093,open,97
ROL,2026-06-02,,44.82160568237305,30.350000381469727,-0.322871193045959,open,126
PODD,2026-04-30,,172.13999938964844,134.72999572753906,-0.21732313114182,open,159
CSGP,2026-02-13,,44.9900016784668,27.6299991607666,-0.3858635667935322,open,235
ZTS,2025-11-05,,118.6311264038086,71.33000183105469,-0.39872439895534306,open,335
